{
    "Dataset Size": 10,
    "Beam Size": 2,
    "Length Penalty": 1.0,
    "Model": "t5-base",
    "Repetition": 2,
    "Execution Time": 3.3978075265884398,
    "Median Response Time": 3.303012251853943,
    "ROUGE-1 F1": 0.38626087168928114,
    "ROUGE-2 F1": 0.1724504509970623,
    "ROUGE-L F1": 0.253276229978316,
    "BLEU": 0.1413532140464998
}