{
    "Dataset Size": 10,
    "Beam Size": 8,
    "Length Penalty": 0.5,
    "Model": "t5-large",
    "Repetition": 2,
    "Execution Time": 7.074130725860596,
    "Median Response Time": 7.116952061653137,
    "ROUGE-1 F1": 0.3747867311053454,
    "ROUGE-2 F1": 0.1693791188507058,
    "ROUGE-L F1": 0.27071000767408054,
    "BLEU": 0.15162413452883283
}