{
    "Dataset Size": 10,
    "Beam Size": 8,
    "Length Penalty": 1.5,
    "Model": "t5-large",
    "Repetition": 1,
    "Execution Time": 7.200594830513,
    "Median Response Time": 7.189379572868347,
    "ROUGE-1 F1": 0.3594089108351446,
    "ROUGE-2 F1": 0.15186092025586279,
    "ROUGE-L F1": 0.2553402657210878,
    "BLEU": 0.132597094233411
}