{
    "Dataset Size": 10,
    "Beam Size": 4,
    "Length Penalty": 1.5,
    "Model": "t5-base",
    "Repetition": 1,
    "Execution Time": 3.547916531562805,
    "Median Response Time": 3.5494171380996704,
    "ROUGE-1 F1": 0.39282127360606917,
    "ROUGE-2 F1": 0.18972567866535345,
    "ROUGE-L F1": 0.2770626486744131,
    "BLEU": 0.1448006905755363
}