{
    "Dataset Size": 10,
    "Beam Size": 8,
    "Length Penalty": 0.5,
    "Model": "t5-small",
    "Repetition": 1,
    "Execution Time": 2.3442685127258303,
    "Median Response Time": 2.3774818181991577,
    "ROUGE-1 F1": 0.32023882018033334,
    "ROUGE-2 F1": 0.14281074719326797,
    "ROUGE-L F1": 0.23757743030540251,
    "BLEU": 0.13672723042457033
}