{
    "Dataset Size": 10,
    "Beam Size": 8,
    "Length Penalty": 1.0,
    "Model": "t5-base",
    "Repetition": 2,
    "Execution Time": 3.920952391624451,
    "Median Response Time": 3.765367865562439,
    "ROUGE-1 F1": 0.3553518138128827,
    "ROUGE-2 F1": 0.17485896573192905,
    "ROUGE-L F1": 0.28512296900061407,
    "BLEU": 0.1393379581273372
}