{
    "Dataset Size": 10,
    "Beam Size": 4,
    "Length Penalty": 1.5,
    "Model": "t5-base",
    "Repetition": 2,
    "Execution Time": 3.671735143661499,
    "Median Response Time": 3.607960820198059,
    "ROUGE-1 F1": 0.39282127360606917,
    "ROUGE-2 F1": 0.18972567866535345,
    "ROUGE-L F1": 0.2770626486744131,
    "BLEU": 0.1448006905755363
}