{
    "Dataset Size": 10,
    "Beam Size": 2,
    "Length Penalty": 1.5,
    "Model": "t5-large",
    "Repetition": 2,
    "Execution Time": 5.70588104724884,
    "Median Response Time": 5.804623484611511,
    "ROUGE-1 F1": 0.43209965698110486,
    "ROUGE-2 F1": 0.2017205143200017,
    "ROUGE-L F1": 0.3103264580437392,
    "BLEU": 0.17453812916518854
}