{
    "Dataset Size": 10,
    "Beam Size": 4,
    "Length Penalty": 1.0,
    "Model": "t5-large",
    "Repetition": 1,
    "Execution Time": 6.345513010025025,
    "Median Response Time": 6.493528962135315,
    "ROUGE-1 F1": 0.4098804734107716,
    "ROUGE-2 F1": 0.20380660124845223,
    "ROUGE-L F1": 0.28020544609930453,
    "BLEU": 0.17035228926639762
}