{
    "Dataset Size": 10,
    "Beam Size": 4,
    "Length Penalty": 1.0,
    "Model": "t5-small",
    "Repetition": 2,
    "Execution Time": 2.239251232147217,
    "Median Response Time": 2.2845126390457153,
    "ROUGE-1 F1": 0.348252879872736,
    "ROUGE-2 F1": 0.15136195859704726,
    "ROUGE-L F1": 0.25019253616811304,
    "BLEU": 0.12915456969088265
}