{
    "Dataset Size": 10,
    "Beam Size": 8,
    "Length Penalty": 1.5,
    "Model": "t5-small",
    "Repetition": 2,
    "Execution Time": 2.2711031436920166,
    "Median Response Time": 2.135210633277893,
    "ROUGE-1 F1": 0.32084322867409065,
    "ROUGE-2 F1": 0.1338528913368452,
    "ROUGE-L F1": 0.23404627303311265,
    "BLEU": 0.12592174633166495
}