{
    "Dataset Size": 10,
    "Beam Size": 4,
    "Length Penalty": 0.5,
    "Model": "t5-base",
    "Repetition": 2,
    "Execution Time": 3.632155418395996,
    "Median Response Time": 3.6925721168518066,
    "ROUGE-1 F1": 0.37955958017484537,
    "ROUGE-2 F1": 0.18444396150237696,
    "ROUGE-L F1": 0.26435184992583394,
    "BLEU": 0.1398144612929048
}