{
    "Experiment ID": 1,
    "Repetition": 1,
    "Target Language": "de",
    "Avg Response Time": 5.099867463111877,
    "Median Response Time": 5.1153188943862915,
    "ROUGE-1 F1": 0.3247540818560802,
    "ROUGE-2 F1": 0.12644840158926207,
    "ROUGE-L F1": 0.2208578091819302,
    "BLEU": 0.1044728267151012
}