{
    "Experiment ID": 2,
    "Repetition": 1,
    "Target Language": "fr",
    "Avg Response Time": 5.421055388450623,
    "Median Response Time": 5.582512140274048,
    "ROUGE-1 F1": 0.3556355704391825,
    "ROUGE-2 F1": 0.14946628123589034,
    "ROUGE-L F1": 0.23925625891621854,
    "BLEU": 0.10397320913968225
}